<?xml version="1.0" encoding="utf-8"?>
<Catchment xmlns:xsi="http://www.w3.org/2001/XMLSchema-instance" xmlns:xsd="http://www.w3.org/2001/XMLSchema">
  <CatchmentParameters>
    <KSI>0.001</KSI>
    <KGmin>0.05</KGmin>
    <RangeKG>0.1</RangeKG>
    <AG>0.1</AG>
    <PERC>3.22</PERC>
    <Alpha>0</Alpha>
    <UZL>64.55</UZL>
    <K0>0.5</K0>
    <K1>0.16</K1>
    <K2>0.0738</K2>
    <MAXBAS>1</MAXBAS>
    <Cet>0</Cet>
    <PCALT>10</PCALT>
    <TCALT>0.6</TCALT>
    <Pelev>601.5</Pelev>
    <Telev>601.5</Telev>
    <PART>0.5</PART>
    <DELAY>1</DELAY>
  </CatchmentParameters>
  <VegetationZone>
    <VegetationZoneParameters>
      <TT>-1.055</TT>
      <CFMAX>2.39</CFMAX>
      <SP>0</SP>
      <SFCF>0.77</SFCF>
      <CFR>0.05</CFR>
      <CWH>0.1</CWH>
      <CFGlacier>1</CFGlacier>
      <CFSlope>1</CFSlope>
      <FC>165</FC>
      <LP>1</LP>
      <BETA>3.23</BETA>
    </VegetationZoneParameters>
  </VegetationZone>
  <SubCatchment>
    <SubCatchmentParameters>
      <KSI>0.001</KSI>
      <KGmin>0.05</KGmin>
      <RangeKG>0.1</RangeKG>
      <AG>0.1</AG>
      <PERC>3.22</PERC>
      <Alpha>0</Alpha>
      <UZL>64.55</UZL>
      <K0>0.5</K0>
      <K1>0.16</K1>
      <K2>0.0738</K2>
      <MAXBAS>1</MAXBAS>
      <Cet>0</Cet>
      <PCALT>10</PCALT>
      <TCALT>0.6</TCALT>
      <Pelev>601.5</Pelev>
      <Telev>601.5</Telev>
      <PART>0.5</PART>
      <DELAY>1</DELAY>
    </SubCatchmentParameters>
    <SubCatchmentVegetationZone>
      <SubCatchmentVegetationZoneParameters>
        <TT>-1.055</TT>
        <CFMAX>2.39</CFMAX>
        <SP>0</SP>
        <SFCF>0.77</SFCF>
        <CFR>0.05</CFR>
        <CWH>0.1</CWH>
        <CFGlacier>1</CFGlacier>
        <CFSlope>1</CFSlope>
        <FC>165</FC>
        <LP>1</LP>
        <BETA>3.23</BETA>
      </SubCatchmentVegetationZoneParameters>
    </SubCatchmentVegetationZone>
  </SubCatchment>
</Catchment>