<?xml version="1.0" encoding="utf-8"?>
<Catchment xmlns:xsi="http://www.w3.org/2001/XMLSchema-instance" xmlns:xsd="http://www.w3.org/2001/XMLSchema">
  <CatchmentParameters>
    <KSI>0.001</KSI>
    <KGmin>0.05</KGmin>
    <RangeKG>0.1</RangeKG>
    <AG>0.1</AG>
    <PERC>4</PERC>
    <Alpha>0</Alpha>
    <UZL>1.5</UZL>
    <K0>0.6</K0>
    <K1>0.4</K1>
    <K2>0.2</K2>
    <MAXBAS>1.5</MAXBAS>
    <Cet>0</Cet>
    <PCALT>10</PCALT>
    <TCALT>0.6</TCALT>
    <Pelev>0</Pelev>
    <Telev>0</Telev>
    <PART>0.5</PART>
    <DELAY>1</DELAY>
  </CatchmentParameters>
  <VegetationZone>
    <VegetationZoneParameters>
      <TT>-1.5</TT>
      <CFMAX>3.5</CFMAX>
      <SP>1</SP>
      <SFCF>1</SFCF>
      <CFR>0.5</CFR>
      <CWH>0.05</CWH>
      <CFGlacier>1</CFGlacier>
      <CFSlope>1</CFSlope>
      <FC>200</FC>
      <LP>0.66</LP>
      <BETA>3.48</BETA>
    </VegetationZoneParameters>
  </VegetationZone>
  <SubCatchment>
    <SubCatchmentParameters>
      <KSI>0.001</KSI>
      <KGmin>0.05</KGmin>
      <RangeKG>0.1</RangeKG>
      <AG>0.1</AG>
      <PERC>4</PERC>
      <Alpha>0</Alpha>
      <UZL>1.5</UZL>
      <K0>0.6</K0>
      <K1>0.4</K1>
      <K2>0.2</K2>
      <MAXBAS>1.5</MAXBAS>
      <Cet>0</Cet>
      <PCALT>10</PCALT>
      <TCALT>0.6</TCALT>
      <Pelev>0</Pelev>
      <Telev>0</Telev>
      <PART>0.5</PART>
      <DELAY>1</DELAY>
    </SubCatchmentParameters>
    <SubCatchmentVegetationZone>
      <SubCatchmentVegetationZoneParameters>
        <TT>-1.5</TT>
        <CFMAX>3.5</CFMAX>
        <SP>1</SP>
        <SFCF>1</SFCF>
        <CFR>0.5</CFR>
        <CWH>0.05</CWH>
        <CFGlacier>1</CFGlacier>
        <CFSlope>1</CFSlope>
        <FC>200</FC>
        <LP>0.66</LP>
        <BETA>3.48</BETA>
      </SubCatchmentVegetationZoneParameters>
    </SubCatchmentVegetationZone>
  </SubCatchment>
</Catchment>